,Sparse subset,Observed subset,Basis analysis,All in VP3
Alkalinity,2.067448680351906,1.8989598811292718,1.8814055636896048,1.8814055636896048
Brown,1.505050505050505,1.5420168067226891,1.5185185185185186,1.5185185185185186
Saline,1.7391304347826086,1.6506024096385543,1.5930232558139534,1.5930232558139534
Deep,3.175438596491228,2.413793103448276,2.413793103448276,2.413793103448276
DK2,1.7676767676767677,1.7309644670050761,1.7323232323232323,1.7323232323232323
All,2.033096926713948,1.9050064184852376,1.88621997471555,1.88621997471555
n,423.0,779.0,791.0,986.0
