,Sparse subset,Observed subset,All in VP3
Alkalinity,0.806146572104019,0.8639281129653402,0.7738336713995944
Brown,0.46808510638297873,0.3055198973042362,0.3022312373225152
Deep,0.1347517730496454,0.18613607188703465,0.15314401622718052
Saline,0.2718676122931442,0.21309370988446727,0.18255578093306288
DK2,0.23404255319148937,0.25288831835686776,0.24746450304259635
n,423.0,779.0,986.0
