,n,No dummies,Small
1989,5.0,1.0,1.0
1990,5.0,1.0,1.0
1991,5.0,1.0,1.0
1992,5.0,1.0,1.0
1993,6.0,0.8333333333333334,1.0
Total,26.0,0.9615384615384616,1.0
