,No typology,Typology
1990,0.6436251920122887,0.6298003072196621
2020,0.5589970501474927,0.5737463126843658
