,Sparse subset,Observed subset,All in VP3
Small,0.764522417153996,0.6499756137213462,0.6556765627331046
Medium,0.18089668615984406,0.292635343846529,0.2827092346710428
Large,0.010526315789473684,0.021947650788489675,0.022676413546173356
Soft bottom,0.04405458089668616,0.03544139164363518,0.03893778904967925
Natural,0.8955165692007797,0.9270037392293936,0.9115321497836789
DK2,0.07875243664717349,0.16387579255405624,0.1654483067283306
n,2565.0,6151.0,6703.0
